train_loss,valid_loss,train_acc,valid_acc
0.27060511088436734,0.18576384796029774,0.8853437338470936,0.9231347491073106
0.11692759832704214,0.18591109351428178,0.9568159391006061,0.9317797406502537
0.051968193082535974,0.2844764269068924,0.9823316573469292,0.9195639917308777
0.028163572492647088,0.3053299000188838,0.9900850523941545,0.9171208419470025
